timestamp,request_id,latency,status
19:22:51.217346,1,0,failed: StatusCode.INTERNAL
19:22:51.415641,2,0,failed: StatusCode.INTERNAL
19:22:51.616774,3,0,failed: StatusCode.INTERNAL
19:22:51.815726,4,0,failed: StatusCode.INTERNAL
19:22:52.019599,5,0,failed: StatusCode.INTERNAL
19:22:52.222569,6,0,failed: StatusCode.INTERNAL
19:22:52.422294,7,0,failed: StatusCode.INTERNAL
19:22:52.624819,8,0,failed: StatusCode.INTERNAL
19:22:52.825738,9,0,failed: StatusCode.INTERNAL
19:22:53.023743,10,0,failed: StatusCode.INTERNAL
19:22:53.225388,11,0,failed: StatusCode.INTERNAL
19:22:53.425052,12,0,failed: StatusCode.INTERNAL
19:22:53.633484,13,0,failed: StatusCode.INTERNAL
19:22:53.834419,14,0,failed: StatusCode.INTERNAL
19:22:54.031108,15,0,failed: StatusCode.INTERNAL
19:22:54.231362,16,0,failed: StatusCode.INTERNAL
19:22:54.435117,17,0,failed: StatusCode.INTERNAL
19:22:54.638225,18,0,failed: StatusCode.INTERNAL
19:22:54.839711,19,0,failed: StatusCode.INTERNAL
19:22:55.036676,20,0,failed: StatusCode.INTERNAL
19:22:55.242123,21,0,failed: StatusCode.INTERNAL
19:22:55.438759,22,0,failed: StatusCode.INTERNAL
19:22:55.645004,23,0,failed: StatusCode.INTERNAL
19:22:55.841839,24,0,failed: StatusCode.INTERNAL
19:22:56.046411,25,0,failed: StatusCode.INTERNAL
19:22:56.246280,26,0,failed: StatusCode.INTERNAL
19:22:56.448594,27,0,failed: StatusCode.INTERNAL
19:22:56.653587,28,0,failed: StatusCode.INTERNAL
19:22:56.851406,29,0,failed: StatusCode.INTERNAL
19:22:57.052933,30,0,failed: StatusCode.INTERNAL
19:22:57.256753,31,0,failed: StatusCode.INTERNAL
19:22:57.456119,32,0,failed: StatusCode.INTERNAL
19:22:57.655990,33,0,failed: StatusCode.INTERNAL
19:22:57.856565,34,0,failed: StatusCode.INTERNAL
19:22:58.059933,35,0,failed: StatusCode.INTERNAL
19:22:58.258934,36,0,failed: StatusCode.INTERNAL
19:22:58.461451,37,0,failed: StatusCode.INTERNAL
19:22:58.666243,38,0,failed: StatusCode.INTERNAL
19:22:58.869979,39,0,failed: StatusCode.INTERNAL
19:22:59.065416,40,0,failed: StatusCode.INTERNAL
19:22:59.275734,41,0,failed: StatusCode.INTERNAL
19:22:59.469677,42,0,failed: StatusCode.INTERNAL
19:23:00.073046,45,0,failed: StatusCode.INTERNAL
19:22:59.878712,44,0,failed: StatusCode.INTERNAL
19:22:59.677078,43,0,failed: StatusCode.INTERNAL
19:23:00.276033,46,0,failed: StatusCode.INTERNAL
19:23:00.475019,47,0,failed: StatusCode.INTERNAL
19:23:00.676104,48,0,failed: StatusCode.INTERNAL
19:23:00.936271,49,0,failed: StatusCode.INTERNAL
19:23:01.085217,50,0,failed: StatusCode.INTERNAL
19:23:01.284089,51,0,failed: StatusCode.INTERNAL
19:23:01.484294,52,0,failed: StatusCode.INTERNAL
19:23:01.684506,53,0,failed: StatusCode.INTERNAL
19:23:01.887313,54,0,failed: StatusCode.INTERNAL
19:23:02.097675,55,0,failed: StatusCode.INTERNAL
19:23:02.301574,56,0,failed: StatusCode.INTERNAL
19:23:02.500189,57,0,failed: StatusCode.INTERNAL
19:23:02.691992,58,0,failed: StatusCode.INTERNAL
19:23:02.902853,59,0,failed: StatusCode.INTERNAL
19:23:03.104509,60,0,failed: StatusCode.INTERNAL
19:23:03.297027,61,0,failed: StatusCode.INTERNAL
19:23:03.503657,62,0,failed: StatusCode.INTERNAL
19:23:03.697979,63,0,failed: StatusCode.INTERNAL
19:23:03.909540,64,0,failed: StatusCode.INTERNAL
19:23:04.105458,65,0,failed: StatusCode.INTERNAL
19:23:04.305513,66,0,failed: StatusCode.INTERNAL
19:23:04.511887,67,0,failed: StatusCode.INTERNAL
19:23:04.708053,68,0,failed: StatusCode.INTERNAL
19:23:04.907277,69,0,failed: StatusCode.INTERNAL
19:23:05.517394,72,0,failed: StatusCode.INTERNAL
19:23:05.720366,73,0,failed: StatusCode.INTERNAL
19:23:05.912610,74,0,failed: StatusCode.INTERNAL
19:23:06.119539,75,0,failed: StatusCode.INTERNAL
19:23:06.323885,76,0,failed: StatusCode.INTERNAL
19:23:06.524001,77,0,failed: StatusCode.INTERNAL
19:23:06.718929,78,0,failed: StatusCode.INTERNAL
19:23:06.924611,79,0,failed: StatusCode.INTERNAL
19:23:07.121825,80,0,failed: StatusCode.INTERNAL
19:23:07.319787,81,0,failed: StatusCode.INTERNAL
19:23:07.525328,82,0,failed: StatusCode.INTERNAL
19:23:07.727442,83,0,failed: StatusCode.INTERNAL
19:23:07.935442,84,0,failed: StatusCode.INTERNAL
19:23:08.139448,85,0,failed: StatusCode.INTERNAL
19:23:08.340708,86,0,failed: StatusCode.INTERNAL
19:23:08.543176,87,0,failed: StatusCode.INTERNAL
19:23:08.739239,88,0,failed: StatusCode.INTERNAL
19:23:08.939986,89,0,failed: StatusCode.INTERNAL
19:23:09.144168,90,0,failed: StatusCode.INTERNAL
19:23:09.346603,91,0,failed: StatusCode.INTERNAL
19:23:09.549459,92,0,failed: StatusCode.INTERNAL
19:23:09.741369,93,0,failed: StatusCode.INTERNAL
19:23:09.949351,94,0,failed: StatusCode.INTERNAL
19:23:10.138283,95,0,failed: StatusCode.INTERNAL
19:23:10.374298,96,0,failed: StatusCode.INTERNAL
19:23:10.570839,97,0,failed: StatusCode.INTERNAL
19:23:10.775525,98,0,failed: StatusCode.INTERNAL
19:23:10.977293,99,0,failed: StatusCode.INTERNAL
19:23:11.172476,100,0,failed: StatusCode.INTERNAL
19:23:11.374426,101,0,failed: StatusCode.INTERNAL
19:23:11.574353,102,0,failed: StatusCode.INTERNAL
19:23:11.783370,103,0,failed: StatusCode.INTERNAL
19:23:11.978008,104,0,failed: StatusCode.INTERNAL
19:23:12.185229,105,0,failed: StatusCode.INTERNAL
19:23:12.385403,106,0,failed: StatusCode.INTERNAL
19:23:12.580055,107,0,failed: StatusCode.INTERNAL
19:23:12.812318,108,0,failed: StatusCode.INTERNAL
19:23:13.018746,109,0,failed: StatusCode.INTERNAL
19:23:13.221870,110,0,failed: StatusCode.INTERNAL
19:23:13.423282,111,0,failed: StatusCode.INTERNAL
19:23:13.621899,112,0,failed: StatusCode.INTERNAL
19:23:13.826016,113,0,failed: StatusCode.INTERNAL
19:23:14.023191,114,0,failed: StatusCode.INTERNAL
19:23:14.224606,115,0,failed: StatusCode.INTERNAL
19:23:14.425073,116,0,failed: StatusCode.INTERNAL
19:23:14.624716,117,0,failed: StatusCode.INTERNAL
19:23:14.826686,118,0,failed: StatusCode.INTERNAL
19:23:15.025026,119,0,failed: StatusCode.INTERNAL
19:23:15.262815,120,0,failed: StatusCode.INTERNAL
19:23:15.467230,121,0,failed: StatusCode.INTERNAL
19:23:15.665342,122,0,failed: StatusCode.INTERNAL
19:23:15.873257,123,0,failed: StatusCode.INTERNAL
19:23:16.073906,124,0,failed: StatusCode.INTERNAL
19:23:16.273746,125,0,failed: StatusCode.INTERNAL
19:23:16.473288,126,0,failed: StatusCode.INTERNAL
19:23:16.672325,127,0,failed: StatusCode.INTERNAL
19:23:16.876761,128,0,failed: StatusCode.INTERNAL
19:23:17.080853,129,0,failed: StatusCode.INTERNAL
19:23:17.279650,130,0,failed: StatusCode.INTERNAL
19:23:17.481019,131,0,failed: StatusCode.INTERNAL
19:23:17.680897,132,0,failed: StatusCode.INTERNAL
19:23:17.881926,133,0,failed: StatusCode.INTERNAL
19:23:18.084023,134,0,failed: StatusCode.INTERNAL
19:23:18.282869,135,0,failed: StatusCode.INTERNAL
19:23:18.537784,136,0,failed: StatusCode.INTERNAL
19:23:18.739798,137,0,failed: StatusCode.INTERNAL
19:23:18.945035,138,0,failed: StatusCode.INTERNAL
19:23:19.143022,139,0,failed: StatusCode.INTERNAL
19:23:19.351098,140,0,failed: StatusCode.INTERNAL
19:23:19.547501,141,0,failed: StatusCode.INTERNAL
19:23:19.750743,142,0,failed: StatusCode.INTERNAL
19:23:19.958058,143,0,failed: StatusCode.INTERNAL
19:23:20.161396,144,0,failed: StatusCode.INTERNAL
19:23:20.356065,145,0,failed: StatusCode.INTERNAL
19:23:20.560206,146,0,failed: StatusCode.INTERNAL
19:23:20.751069,147,0,failed: StatusCode.INTERNAL
19:23:20.959558,148,0,failed: StatusCode.INTERNAL
19:23:21.166545,149,0,failed: StatusCode.INTERNAL
19:23:21.357769,150,0,failed: StatusCode.INTERNAL
19:23:21.566683,151,0,failed: StatusCode.INTERNAL
19:23:21.760779,152,0,failed: StatusCode.INTERNAL
19:23:21.969622,153,0,failed: StatusCode.INTERNAL
19:23:22.165822,154,0,failed: StatusCode.INTERNAL
19:23:22.369025,155,0,failed: StatusCode.INTERNAL
19:23:22.572143,156,0,failed: StatusCode.INTERNAL
19:23:22.777416,157,0,failed: StatusCode.INTERNAL
19:23:22.970261,158,0,failed: StatusCode.INTERNAL
19:23:23.176729,159,0,failed: StatusCode.INTERNAL
19:23:23.370244,160,0,failed: StatusCode.INTERNAL
19:23:23.580353,161,0,failed: StatusCode.INTERNAL
19:23:23.783420,162,0,failed: StatusCode.INTERNAL
19:23:23.983003,163,0,failed: StatusCode.INTERNAL
19:23:24.173968,164,0,failed: StatusCode.INTERNAL
19:23:24.374598,165,0,failed: StatusCode.INTERNAL
